target	start_x	start_y	start_yaw	box_count	desk_count	camera	lighting
person	-5.7	-0.7	1.5708	2	0	on	bright
person	-6.3	-1.3	1.4208	0	1	on	dim
person	-6.0	-0.7	1.4208	1	1	off	bright
person	-6.0	-1.0	1.7208	1	0	on	dim
person	-6.3	-1.3	1.7208	2	0	off	bright
chair	-6.0	-1.0	1.5708	0	0	off	bright
person	-5.7	-1.0	1.4208	2	1	on	dim
person	-5.7	-0.7	1.7208	0	1	on	dim
chair	-6.0	-1.3	1.5708	1	1	on	dim
person	-5.7	-1.3	1.4208	1	0	on	dim
chair	-6.3	-0.7	1.5708	1	1	on	dim
person	-6.3	-1.0	1.7208	2	0	on	bright
chair	-5.7	-1.0	1.5708	2	0	off	bright
person	-6.0	-0.7	1.5708	2	0	on	dim
